Attribute,Component 1,Component 2
OverallQual,-0.21914402178507303,-0.08932186468614954
OverallCond,0.05682381523152845,0.05209257907667944
YearBuilt,-0.22865178172499617,0.0027983080590118776
GrLivArea,-0.15087578750815306,-0.056487598385585674
